{"cameraMode":{"drawMode":0,"name":"Shaded","section":"Shading Mode"},"sceneLighting":true,"audioPlay":false,"sceneViewState":{"showFog":false,"showMaterialUpdate":false,"showSkybox":false,"showFlares":false,"showImageEffects":false,"showParticleSystems":true},"in2DMode":false,"pivot":{"x":2.3985166549682619,"y":2.5139596462249758,"z":-9.123676300048829},"rotation":{"x":-0.15906822681427003,"y":-0.11286205053329468,"z":0.018307434394955636,"w":-0.9806278944015503},"size":8.370872497558594,"orthographic":false}