{"cameraMode":{"drawMode":0,"name":"Shaded","section":"Shading Mode"},"sceneLighting":true,"audioPlay":false,"sceneViewState":{"showFog":false,"showMaterialUpdate":false,"showSkybox":false,"showFlares":false,"showImageEffects":false,"showParticleSystems":true},"in2DMode":false,"pivot":{"x":-1.037114143371582,"y":-1.9638347625732422,"z":0.03429698944091797},"rotation":{"x":0.13845741748809815,"y":0.8383099436759949,"z":-0.24998939037322999,"w":0.4643056094646454},"size":29.11316680908203,"orthographic":false}