{"cameraMode":{"drawMode":0,"name":"Shaded","section":"Shading Mode"},"sceneLighting":true,"audioPlay":false,"sceneViewState":{"showFog":false,"showMaterialUpdate":false,"showSkybox":false,"showFlares":false,"showImageEffects":false,"showParticleSystems":true},"in2DMode":false,"pivot":{"x":2.7308993339538576,"y":0.21985197067260743,"z":0.04619598388671875},"rotation":{"x":0.2539798617362976,"y":0.013051677495241166,"z":-0.0034275951329618694,"w":0.9671154022216797},"size":7.018439769744873,"orthographic":false}