{"cameraMode":{"drawMode":0,"name":"Shaded","section":"Shading Mode"},"sceneLighting":true,"audioPlay":false,"sceneViewState":{"showFog":false,"showMaterialUpdate":false,"showSkybox":false,"showFlares":false,"showImageEffects":false,"showParticleSystems":true},"in2DMode":false,"pivot":{"x":-0.6557103395462036,"y":-0.12599945068359376,"z":-1.1859102249145508},"rotation":{"x":0.2692001461982727,"y":-0.07071229070425034,"z":0.019823797047138215,"w":0.9602802395820618},"size":12.38056755065918,"orthographic":false}