{"cameraMode":{"drawMode":0,"name":"Shaded","section":"Shading Mode"},"sceneLighting":true,"audioPlay":false,"sceneViewState":{"showFog":false,"showMaterialUpdate":false,"showSkybox":false,"showFlares":false,"showImageEffects":false,"showParticleSystems":true},"in2DMode":false,"pivot":{"x":-5.696189880371094,"y":-4.240758895874023,"z":-6.327385902404785},"rotation":{"x":-0.1967388391494751,"y":0.37605178356170657,"z":-0.08204524219036102,"w":-0.901746928691864},"size":28.76757049560547,"orthographic":false}