{"cameraMode":{"drawMode":0,"name":"Shaded","section":"Shading Mode"},"sceneLighting":true,"audioPlay":false,"sceneViewState":{"showFog":false,"showMaterialUpdate":false,"showSkybox":false,"showFlares":false,"showImageEffects":false,"showParticleSystems":true},"in2DMode":false,"pivot":{"x":-12.56753158569336,"y":-15.705236434936524,"z":-0.9035835266113281},"rotation":{"x":-0.2004573941230774,"y":-0.34899845719337466,"z":0.07669153064489365,"w":-0.9122157692909241},"size":68.72071838378906,"orthographic":false}