{"cameraMode":{"drawMode":0,"name":"Shaded","section":"Shading Mode"},"sceneLighting":true,"audioPlay":false,"sceneViewState":{"showFog":false,"showMaterialUpdate":false,"showSkybox":false,"showFlares":false,"showImageEffects":false,"showParticleSystems":true},"in2DMode":false,"pivot":{"x":-2.3670787811279299,"y":-11.873697280883789,"z":-7.670757293701172},"rotation":{"x":-0.2004573941230774,"y":-0.34899845719337466,"z":0.07669153064489365,"w":-0.9122157692909241},"size":13.098126411437989,"orthographic":false}