{"cameraMode":{"drawMode":0,"name":"Shaded","section":"Shading Mode"},"sceneLighting":true,"audioPlay":false,"sceneViewState":{"showFog":false,"showMaterialUpdate":false,"showSkybox":false,"showFlares":false,"showImageEffects":false,"showParticleSystems":true},"in2DMode":false,"pivot":{"x":2.828078031539917,"y":3.672820568084717,"z":-4.943354606628418},"rotation":{"x":-0.307012140750885,"y":0.6013733744621277,"z":-0.26878032088279726,"w":-0.6869139671325684},"size":5.407395362854004,"orthographic":false}